OPERACION,CICLO_ESCOLAR,CVE_ENTIDAD,CURP,FOLIO,CVE_PLAZA_INICIO,TIPO_PLAZA,NUM HORAS,ASIGNATURA,NIVEL_SERVICIO,TIPO_VALORACION,TIPO_EXAMEN,PUNTUACION_GLOBAL,POSICION_ORDENAMIENTO,INCENTIVO_ATP,INCENTIVO_PFI,INCENTIVO_CM,INCENTIVO_PH,NOMBRE(S),PRIMER_APELLIDO,SEGUNDO_APELLIDO,FUNCION,TIPO_ASIGNACION,CVE_PLAZA_PROMOCION,CVE_CATEGORIA,CCT_PROMOCION,QNA_INICIO,QNA_TERMINO,CADUCIDAD_PROMOCION,CODIGO_NOMBRAMIENTO,PROMOCION,MOTIVO_BAJA,OBSERVACIONES
A,2024-2025,98600,GARO020306HSRNMA0,OMAR,,per,88,,,A,,,A,A,A,A,A,,GARCIA,RENTERIA,,,,,,12/24,22/24,pe,,,,
A,2024-2025,89,1234567890,coma,,,,,,,,,,,,,,,comillas,comilla,,,,,,23/24,19/24,,,,,
A,2024-2025,cve_ent,1234567891,…,cct promocion,tipo plaza,num horas,asignatura,nivel servicio,tipo valoracion,tipo examen,puntuacion global,posicion ordenamiento,atp,pfi,cm,ph,funcion,…,…,funcion,tipo asignacion,cve plaza promo,cve categoria,cct promocion,01/24,22/24,caducidad promo,codigo nombramiento,promocion,motico baja,cct promocion
A,2024-2025,10,12345678909,ejemplo,,,,,,,,,,,,,,,comillas,1,,,,,,21/24,19/24,ejem,,,,
